[
    {
        "iso_31662": "AR-A",
        "provincia": "Salta",
        "capital": "Salta",
        "localidad": [
            "A. Saravia",
            "Aguaray",
            "Angastaco",
            "Animana",
            "Cachi",
            "Cafayate",
            "Campo Quijano",
            "Campo Santo",
            "Capital",
            "Cerrillos",
            "Chicoana",
            "Col. Sta. Rosa",
            "Coronel Moldes",
            "El Bordo",
            "El Carril",
            "El Galpon",
            "El Jardin",
            "El Potrero",
            "El Quebrachal",
            "El Tala",
            "Embarcacion",
            "Gral. Ballivian",
            "Gral. Guemes",
            "Gral. Mosconi",
            "Gral. Pizarro",
            "Guachipas",
            "Hipolito Yrigoyen",
            "Iruya",
            "Isla De Canias",
            "J. V. Gonzalez",
            "La Caldera",
            "La Candelaria",
            "La Merced",
            "La Poma",
            "La Vinia",
            "Las Lajitas",
            "Los Toldos",
            "Metan",
            "Molinos",
            "Nazareno",
            "Oran",
            "Payogasta",
            "Pichanal",
            "Prof. S. Mazza",
            "Rio Piedras",
            "Rivadavia Banda Norte",
            "Rivadavia Banda Sur",
            "Rosario de La Frontera",
            "Rosario de Lerma",
            "Saclantas",
            "Salta",
            "San Antonio",
            "San Carlos",
            "San Jose De Metan",
            "San Ramon",
            "Santa Victoria E.",
            "Santa Victoria O.",
            "Tartagal",
            "Tolar Grande",
            "Urundel",
            "Vaqueros",
            "Villa San Lorenzo"
        ]
    },
    {
        "iso_31662": "AR-B",
        "provincia": "Buenos Aires",
        "capital": "La Plata",
        "localidad": [
            "3 de febrero",
            "11 de Septiembre",
            "20 de Junio",
            "25 de Mayo",
            "Acassuso",
            "Adrogue",
            "Aldo Bonzi",
            "A. Alsina",
            "A. Gonzales Chaves",
            "Aguas Verdes",
            "Alberti",
            "Arrecifes",
            "Ayacucho",
            "Azul",
            "Area Reserva Cinturon Ecologico",
            "Avellaneda",
            "Bahia Blanca",
            "Balcarce",
            "Baradero",
            "Banfield",
            "Barrio Parque",
            "Barrio Santa Teresita",
            "Benito Juarez",
            "Berisso",
            "Beccar",
            "Bella Vista",
            "Berazategui",
            "Bernal Este",
            "Bernal Oeste",
            "Billinghurst",
            "Bolivar",
            "Boulogne",
            "Bragado",
            "Brandsen",
            "Burzaco",
            "Caseros",
            "Castelar",
            "Churruca",
            "Ciudad Evita",
            "Ciudad Madero",
            "Ciudadela",
            "Claypole",
            "Crucecita",
            "Campana",
            "Caniuelas",
            "Capilla del Senior",
            "Capitan Sarmiento",
            "Carapachay",
            "Carhue",
            "Carilo",
            "Carlos Casares",
            "Carlos Tejedor",
            "Carmen de Areco",
            "Carmen de Patagones",
            "Castelli",
            "Chacabuco",
            "Chascomus",
            "Chivilcoy",
            "Colon",
            "Coronel Dorrego",
            "Coronel Pringles",
            "Coronel Rosales",
            "Coronel Suarez",
            "Costa Azul",
            "Costa Chica",
            "Costa del Este",
            "Costa Esmeralda",
            "Daireaux",
            "Darregueira",
            "Del Viso",
            "Dolores",
            "Don Torcuato",
            "Dock Sud",
            "Don Bosco",
            "Don Orione",
            "Ensenada",
            "Escobar",
            "El Jaguel",
            "El Libertador",
            "El Palomar",
            "El Tala",
            "El Trebol",
            "Ezeiza",
            "Ezpeleta",
            "Exaltacion de la Cruz",
            "Florentino Ameghino",
            "Florencio Varela",
            "Florida",
            "Francisco alvarez",
            "Garin",
            "Gral. Alvarado",
            "Gral. Alvear",
            "Gral. Arenales",
            "Gral. Belgrano",
            "Gral. Guido",
            "Gral. Lamadrid",
            "Gral. Las Heras",
            "Gral. Lavalle",
            "Gral. Madariaga",
            "Gral. Pacheco",
            "Gral. Paz",
            "Gral. Pinto",
            "Gral. Pueyrredon",
            "Gral. Rodriguez",
            "Gral. Viamonte",
            "Gral. Villegas",
            "Guamini",
            "Guernica",
            "Gerli",
            "Glew",
            "Gonzalez Catan",
            "Grand Bourg",
            "Gregorio de Laferrere",
            "Guillermo Enrique Hudson",
            "Haedo",
            "Hipolito Yrigoyen",
            "Hurlingham",
            "Ing. Sourdeaux",
            "Isidro Casanova",
            "Ituzaingo",
            "Ing. Maschwitz",
            "Jose C. Paz",
            "Jose Ingenieros",
            "Jose Marmol",
            "Junin",
            "La Plata",
            "La Lucila",
            "La Reja",
            "La Tablada",
            "Laprida",
            "Las Flores",
            "Las Toninas",
            "Lanus",
            "Leandro N. Alem",
            "Lincoln",
            "Loberia",
            "Lobos",
            "Los Cardales",
            "Los Toldos",
            "Lucila del Mar",
            "Lujan",
            "Llavallol",
            "Loma Hermosa",
            "Lomas de Zamora",
            "Lomas del Millon",
            "Lomas del Mirador",
            "Longchamps",
            "Los Polvorines",
            "Luis Guillon",
            "Malvinas Argentinas",
            "Martin Coronado",
            "Martinez",
            "Merlo",
            "Ministro Rivadavia",
            "Monte Chingolo",
            "Monte Grande",
            "Moreno",
            "Moron",
            "Muniiz",
            "Magdalena",
            "Maipu",
            "Mar Chiquita",
            "Mar de Ajo",
            "Mar de las Pampas",
            "Mar del Plata",
            "Mar del Tuyu",
            "Marcos Paz",
            "Mercedes",
            "Miramar",
            "Monte",
            "Monte Hermoso",
            "Munro",
            "Navarro",
            "Necochea",
            "Olavarria",
            "Olivos",
            "Pablo Nogues",
            "Pablo Podesta",
            "Paso del Rey",
            "Pereyra",
            "Pinieiro",
            "Platanos",
            "Partido de la Costa",
            "Pehuajo",
            "Pellegrini",
            "Pergamino",
            "Pigue",
            "Pila",
            "Pilar",
            "Pinamar",
            "Pinar del Sol",
            "Polvorines",
            "Pontevedra",
            "Pte. Peron",
            "Puan",
            "Punta Indio",
            "Quilmes",
            "Ramallo",
            "Rafael Calzada",
            "Rafael Castillo",
            "Ramos Mejia",
            "Ranelagh",
            "Remedios de Escalada",
            "Rauch",
            "Rivadavia",
            "Rojas",
            "Roque Perez",
            "Saavedra",
            "Saladillo",
            "Salliquelo",
            "Salto",
            "Saenz Penia",
            "Santos Lugares",
            "Sarandi",
            "Sourigues",
            "San Andres de Giles",
            "San Antonio de Areco",
            "San Antonio de Padua",
            "San Bernardo",
            "San Cayetano",
            "San Clemente del Tuyu",
            "San Nicolas",
            "San Pedro",
            "San Vicente",
            "San Fernando",
            "San Francisco Solano",
            "San Isidro",
            "San Jose",
            "San Justo",
            "San Martin",
            "San Miguel",
            "Santa Teresita",
            "Suipacha",
            "Tandil",
            "Tapalque",
            "Tapiales",
            "Temperley",
            "Tigre",
            "Tortuguitas",
            "Tristan Suarez",
            "Trujui",
            "Tordillo",
            "Tornquist",
            "Trenque Lauquen",
            "Tres Lomas",
            "Turdera",
            "Valentin Alsina",
            "Vicente Lopez",
            "Villa Adelina",
            "Villa Ballester",
            "Villa Bosch",
            "Villa Caraza",
            "Villa Celina",
            "Villa Centenario",
            "Villa de Mayo",
            "Villa Diamante",
            "Villa Dominico",
            "Villa Espania",
            "Villa Fiorito",
            "Villa Guillermina",
            "Villa Gesell",
            "Villa Insuperable",
            "Villa Jose Leon Suarez",
            "Villa La Florida",
            "Villa Luzuriaga",
            "Villa Martelli",
            "Villa Obrera",
            "Villa Progreso",
            "Villa Raffo",
            "Villa Sarmiento",
            "Villa Tesei",
            "Villa Udaondo",
            "Villarino",
            "Virrey del Pino",
            "Wilde",
            "William Morris",
            "Zarate"
        ]
    },
    {
        "iso_31662": "AR-D",
        "provincia": "San Luis",
        "capital": "San Luis",
        "localidad": [
            "Alto Pelado",
            "Alto Pencoso",
            "Anchorena",
            "Arizona",
            "Bagual",
            "Balde",
            "Batavia",
            "Beazley",
            "Buena Esperanza",
            "Candelaria",
            "Capital",
            "Carolina",
            "Carpinteria",
            "Concaran",
            "Cortaderas",
            "El Morro",
            "El Trapiche",
            "El Volcan",
            "Fortin El Patria",
            "Fortuna",
            "Fraga",
            "Juan Jorba",
            "Juan Llerena",
            "Juana Koslay",
            "Justo Daract",
            "La Calera",
            "La Florida",
            "La Punilla",
            "La Toma",
            "Lafinur",
            "Las Aguadas",
            "Las Chacras",
            "Las Lagunas",
            "Las Vertientes",
            "Lavaisse",
            "Leandro N. Alem",
            "Los Molles",
            "Lujan",
            "Mercedes",
            "Merlo",
            "Naschel",
            "Navia",
            "Nogoli",
            "Nueva Galia",
            "Papagayos",
            "Paso Grande",
            "Potrero de Los Funes",
            "Quines",
            "Renca",
            "Saladillo",
            "San Francisco",
            "San Geronimo",
            "San Martin",
            "San Pablo",
            "Santa Rosa de Conlara",
            "Talita",
            "Tilisarao",
            "Union",
            "Villa de La Quebrada",
            "Villa de Praga",
            "Villa del Carmen",
            "Villa Gral. Roca",
            "Villa Larca",
            "Villa Mercedes",
            "Zanjitas"
        ]
    },
    {
        "iso_31662": "AR-E",
        "provincia": "Entre Ríos",
        "capital": "Paraná",
        "localidad": [
            "Alarcon",
            "Alcaraz",
            "Alcaraz N.",
            "Alcaraz S.",
            "Aldea Asuncion",
            "Aldea Brasilera",
            "Aldea Elgenfeld",
            "Aldea Grapschental",
            "Aldea Ma. Luisa",
            "Aldea Protestante",
            "Aldea Salto",
            "Aldea San Antonio G",
            "Aldea San Antonio P",
            "Aldea San Juan",
            "Aldea San Miguel",
            "Aldea San Rafael",
            "Aldea Spatzenkutter",
            "Aldea Sta. Maria",
            "Aldea Sta. Rosa",
            "Aldea Valle Maria",
            "Altamirano Sur",
            "Antelo",
            "Antonio Tomas",
            "Aranguren",
            "Arroyo Baru",
            "Arroyo Burgos",
            "Arroyo Cle",
            "Arroyo Corralito",
            "Arroyo del Medio",
            "Arroyo Maturrango",
            "Arroyo Palo Seco",
            "Banderas",
            "Basavilbaso",
            "Betbeder",
            "Bovril",
            "Caseros",
            "Ceibas",
            "Cerrito",
            "Chajari",
            "Chilcas",
            "Clodomiro Ledesma",
            "Col. Alemana",
            "Col. Avellaneda",
            "Col. Avigdor",
            "Col. Ayui",
            "Col. Baylina",
            "Col. Carrasco",
            "Col. Celina",
            "Col. Cerrito",
            "Col. Crespo",
            "Col. Elia",
            "Col. Ensayo",
            "Col. Gral. Roca",
            "Col. La Argentina",
            "Col. Merou",
            "Col. Oficial Nf3",
            "Col. Oficial N 13",
            "Col. Oficial N 14",
            "Col. Oficial N5",
            "Col. Reffino",
            "Col. Tunas",
            "Col. Viraro",
            "Colon",
            "Concepcion del Uruguay",
            "Concordia",
            "Conscripto Bernardi",
            "Costa Grande",
            "Costa San Antonio",
            "Costa Uruguay N.",
            "Costa Uruguay S.",
            "Crespo",
            "Crucecitas 3",
            "Crucecitas 7",
            "Crucecitas 8",
            "Cuchilla Redonda",
            "Curtiembre",
            "Diamante",
            "Distrito 6",
            "Distrito Chaniar",
            "Distrito Chiqueros",
            "Distrito Cuarto",
            "Distrito Diego Lopez",
            "Distrito Pajonal",
            "Distrito Sauce",
            "Distrito Tala",
            "Distrito Talitas",
            "Don Cristobal 1 Seccion",
            "Don Cristobal 2 Seccion",
            "Durazno",
            "El Cimarron",
            "El Gramillal",
            "El Palenque",
            "El Pingo",
            "El Quebracho",
            "El Redomon",
            "El Solar",
            "Enrique Carbo",
            "Entre Rios",
            "Espinillo N.",
            "Estacion Campos",
            "Estacion Escrinia",
            "Estacion Lazo",
            "Estacion Raices",
            "Estacion Yerua",
            "Estancia Grande",
            "Estancia Libaros",
            "Estancia Racedo",
            "Estancia Sola",
            "Estancia Yuqueri",
            "Estaquitas",
            "Faustino M. Parera",
            "Febre",
            "Federacion",
            "Federal",
            "Gdor. Echague",
            "Gdor. Mansilla",
            "Gilbert",
            "Gonzalez Calderon",
            "Gral. Almada",
            "Gral. Alvear",
            "Gral. Campos",
            "Gral. Galarza",
            "Gral. Ramirez",
            "Gualeguay",
            "Gualeguaychu",
            "Gualeguaycito",
            "Guardamonte",
            "Hambis",
            "Hasenkamp",
            "Hernandarias",
            "Hernandez",
            "Herrera",
            "Hinojal",
            "Hocker",
            "Ing. Sajaroff",
            "Irazusta",
            "Isletas",
            "J.J De Urquiza",
            "Jubileo",
            "La Clarita",
            "La Criolla",
            "La Esmeralda",
            "La Florida",
            "La Fraternidad",
            "La Hierra",
            "La Ollita",
            "La Paz",
            "La Picada",
            "La Providencia",
            "La Verbena",
            "Laguna Benitez",
            "Larroque",
            "Las Cuevas",
            "Las Garzas",
            "Las Guachas",
            "Las Mercedes",
            "Las Moscas",
            "Las Mulitas",
            "Las Toscas",
            "Laurencena",
            "Libertador San Martin",
            "Loma Limpia",
            "Los Ceibos",
            "Los Charruas",
            "Los Conquistadores",
            "Lucas Gonzalez",
            "Lucas N.",
            "Lucas S. 1",
            "Lucas S. 2",
            "Macia",
            "Maria Grande",
            "Maria Grande 2",
            "Medanos",
            "Mojones N.",
            "Mojones S.",
            "Molino Doll",
            "Monte Redondo",
            "Montoya",
            "Mulas Grandes",
            "niancay",
            "Nogoya",
            "Nueva Escocia",
            "Nueva Vizcaya",
            "Ombu",
            "Oro Verde",
            "Parana",
            "Pasaje Guayaquil",
            "Pasaje Las Tunas",
            "Paso de La Arena",
            "Paso de La Laguna",
            "Paso de Las Piedras",
            "Paso Duarte",
            "Pastor Britos",
            "Pedernal",
            "Perdices",
            "Picada Beron",
            "Piedras Blancas",
            "Primer Distrito Cuchilla",
            "Primero de Mayo",
            "Pronunciamiento",
            "Pto. Algarrobo",
            "Pto. Ibicuy",
            "Pueblo Brugo",
            "Pueblo Cazes",
            "Pueblo Gral. Belgrano",
            "Pueblo Liebig",
            "Puerto Yerua",
            "Punta del Monte",
            "Quebracho",
            "Quinto Distrito",
            "Raices Oeste",
            "Rincon de Nogoya",
            "Rincon del Cinto",
            "Rincon del Doll",
            "Rincon del Gato",
            "Rocamora",
            "Rosario del Tala",
            "San Benito",
            "San Cipriano",
            "San Ernesto",
            "San Gustavo",
            "San Jaime",
            "San Jose",
            "San Jose de Feliciano",
            "San Justo",
            "San Marcial",
            "San Pedro",
            "San Ramirez",
            "San Ramon",
            "San Roque",
            "San Salvador",
            "San Victor",
            "Santa Ana",
            "Santa Anita",
            "Santa Elena",
            "Santa Lucia",
            "Santa Luisa",
            "Sauce de Luna",
            "Sauce Montrull",
            "Sauce Pinto",
            "Sauce Sur",
            "Segui",
            "Sir Leonard",
            "Sosa",
            "Tabossi",
            "Tezanos Pinto",
            "Ubajay",
            "Urdinarrain",
            "Veinte de Septiembre",
            "Viale",
            "Victoria",
            "Villa Clara",
            "Villa del Rosario",
            "Villa Dominguez",
            "Villa Elisa",
            "Villa Fontana",
            "Villa Gdor. Etchevehere",
            "Villa Mantero",
            "Villa Paranacito",
            "Villa Urquiza",
            "Villaguay",
            "Walter Moss",
            "Yacare",
            "Yeso Oeste"
        ]
    },
    {
        "iso_31662": "AR-F",
        "provincia": "La Rioja",
        "capital": "La Rioja",
        "localidad": [
            "Arauco",
            "Capital",
            "Castro Barros",
            "Chamical",
            "Chilecito",
            "Coronel F. Varela",
            "Famatina",
            "Gral. A.V.Penialoza",
            "Gral. Belgrano",
            "Gral. J.F. Quiroga",
            "Gral. Lamadrid",
            "Gral. Ocampo",
            "Gral. San Martin",
            "Independencia",
            "Rosario Penaloza",
            "San Blas de Los Sauces",
            "Sanagasta",
            "Vinchina"
        ]
    },
    {
        "iso_31662": "AR-G",
        "provincia": "Santiago del Estero",
        "capital": "Santiago del Estero",
        "localidad": [
            "Aniatuya",
            "Arraga",
            "Bandera",
            "Bandera Bajada",
            "Beltran",
            "Brea Pozo",
            "Campo Gallo",
            "Capital",
            "Chilca Juliana",
            "Choya",
            "Clodomira",
            "Col. Alpina",
            "Col. Dora",
            "Col. El Simbolar Robles",
            "El Bobadal",
            "El Charco",
            "El Mojon",
            "Estacion Atamisqui",
            "Estacion Simbolar",
            "Fernandez",
            "Fortin Inca",
            "Frias",
            "Garza",
            "Gramilla",
            "Guardia Escolta",
            "Herrera",
            "Icanio",
            "Ing. Forres",
            "La Banda",
            "La Caniada",
            "Laprida",
            "Lavalle",
            "Loreto",
            "Los Juries",
            "Los Nuniez",
            "Los Pirpintos",
            "Los Quiroga",
            "Los Telares",
            "Lugones",
            "Malbran",
            "Matara",
            "Medellin",
            "Monte Quemado",
            "Nueva Esperanza",
            "Nueva Francia",
            "Palo Negro",
            "Pampa de Los Guanacos",
            "Pinto",
            "Pozo Hondo",
            "Quimili",
            "Real Sayana",
            "Sachayoj",
            "San Pedro de Guasayan",
            "Selva",
            "Sol de Julio",
            "Sumampa",
            "Suncho Corral",
            "Taboada",
            "Tapso",
            "Termas de Rio Hondo",
            "Tintina",
            "Tomas Young",
            "Vilelas",
            "Villa Atamisqui",
            "Villa La Punta",
            "Villa Ojo de Agua",
            "Villa Rio Hondo",
            "Villa Salavina",
            "Villa Union",
            "Vilmer",
            "Weisburd"
        ]
    },
    {
        "iso_31662": "AR-H",
        "provincia": "Chaco",
        "capital": "Resistencia",
        "localidad": [
            "Avia Terai",
            "Barranqueras",
            "Basail",
            "Campo Largo",
            "Capital",
            "Capitan Solari",
            "Charadai",
            "Charata",
            "Chorotis",
            "Ciervo Petiso",
            "Cnel. Du Graty",
            "Col. Benitez",
            "Col. Elisa",
            "Col. Popular",
            "Colonias Unidas",
            "Concepcion",
            "Corzuela",
            "Cote Lai",
            "El Sauzalito",
            "Enrique Urien",
            "Fontana",
            "Fte. Esperanza",
            "Gancedo",
            "Gral. Capdevila",
            "Gral. Pinero",
            "Gral. San Martin",
            "Gral. Vedia",
            "Hermoso Campo",
            "I. del Cerrito",
            "J.J. Castelli",
            "La Clotilde",
            "La Eduvigis",
            "La Escondida",
            "La Leonesa",
            "La Tigra",
            "La Verde",
            "Laguna Blanca",
            "Laguna Limpia",
            "Lapachito",
            "Las Brenias",
            "Las Garcitas",
            "Las Palmas",
            "Los Frentones",
            "Machagai",
            "Makalle",
            "Margarita Belen",
            "Miraflores",
            "Mision N. Pompeya",
            "Napenay",
            "Pampa Almiron",
            "Pampa del Indio",
            "Pampa del Infierno",
            "Pdcia. de La Plaza",
            "Pdcia. Roca",
            "Pdcia. Roque Saenz Penia",
            "Pto. Bermejo",
            "Pto. Eva Peron",
            "Puero Tirol",
            "Puerto Vilelas",
            "Quitilipi",
            "Resistencia",
            "Saenz Penia",
            "Samuhu",
            "San Bernardo",
            "Santa Sylvina",
            "Taco Pozo",
            "Tres Isletas",
            "Villa angela",
            "Villa Berthet",
            "Villa R. Bermejito"
        ]
    },
    {
        "iso_31662": "AR-J",
        "provincia": "San Juan",
        "capital": "San Juan",
        "localidad": [
            "Albardon",
            "Angaco",
            "Calingasta",
            "Capital",
            "Caucete",
            "Chimbas",
            "Iglesia",
            "Jachal",
            "Nueve de Julio",
            "Pocito",
            "Rawson",
            "Rivadavia",
            "San Juan",
            "San Martin",
            "Santa Lucia",
            "Sarmiento",
            "Ullum",
            "Valle Fertil",
            "Veinticinco de Mayo",
            "Zonda"
        ]
    },
    {
        "iso_31662": "AR-K",
        "provincia": "Catamarca",
        "capital": "San Fernando del Valle de Catamarca",
        "localidad": [
            "Aconquija",
            "Ancasti",
            "Andalgala",
            "Antofagasta",
            "Belen",
            "Capayan",
            "Capital",
            "Catamarca",
            "Corral Quemado",
            "El Alto",
            "El Rodeo",
            "F.Mamerto Esquiu",
            "Fiambala",
            "Hualfin",
            "Huillapima",
            "Icanio",
            "La Puerta",
            "Las Juntas",
            "Londres",
            "Los Altos",
            "Los Varela",
            "Mutquin",
            "Paclin",
            "Poman",
            "Pozo de La Piedra",
            "Puerta de Corral",
            "Puerta San Jose",
            "Recreo",
            "S.F.V de Catamarca",
            "San Fernando",
            "San Fernando del Valle",
            "San Jose",
            "Santa Maria",
            "Santa Rosa",
            "Saujil",
            "Tapso",
            "Tinogasta",
            "Valle Viejo",
            "Villa Vil"
        ]
    },
    {
        "iso_31662": "AR-L",
        "provincia": "La Pampa",
        "capital": "Santa Rosa",
        "localidad": [
            "Abramo",
            "Adolfo Van Praet",
            "Agustoni",
            "Algarrobo del Aguila",
            "Alpachiri",
            "Alta Italia",
            "Anguil",
            "Arata",
            "Ataliva Roca",
            "Bernardo Larroude",
            "Bernasconi",
            "Caleufu",
            "Carro Quemado",
            "Catrilo",
            "Ceballos",
            "Chacharramendi",
            "Col. Baron",
            "Col. Santa Maria",
            "Conhelo",
            "Coronel Hilario Lagos",
            "Cuchillo-Co",
            "Doblas",
            "Dorila",
            "Eduardo Castex",
            "Embajador Martini",
            "Falucho",
            "Gral. Acha",
            "Gral. Manuel Campos",
            "Gral. Pico",
            "Guatrache",
            "Ing. Luiggi",
            "Intendente Alvear",
            "Jacinto Arauz",
            "La Adela",
            "La Humada",
            "La Maruja",
            "La Pampa",
            "La Reforma",
            "Limay Mahuida",
            "Lonquimay",
            "Loventuel",
            "Luan Toro",
            "Macachin",
            "Maisonnave",
            "Mauricio Mayer",
            "Metileo",
            "Miguel Cane",
            "Miguel Riglos",
            "Monte Nievas",
            "Parera",
            "Peru",
            "Pichi-Huinca",
            "Puelches",
            "Puelen",
            "Quehue",
            "Quemu Quemu",
            "Quetrequen",
            "Rancul",
            "Realico",
            "Relmo",
            "Rolon",
            "Rucanelo",
            "Sarah",
            "Speluzzi",
            "Sta. Isabel",
            "Sta. Rosa",
            "Sta. Teresa",
            "Telen",
            "Toay",
            "Tomas M. de Anchorena",
            "Trenel",
            "Unanue",
            "Uriburu",
            "Veinticinco de Mayo",
            "Vertiz",
            "Victorica",
            "Villa Mirasol",
            "Winifreda"
        ]
    },
    {
        "iso_31662": "AR-M",
        "provincia": "Mendoza",
        "capital": "Mendoza",
        "localidad": [
            "Capital",
            "Chacras de Coria",
            "Dorrego",
            "Gllen",
            "Godoy Cruz",
            "Gral. Alvear",
            "Guaymallen",
            "Junin",
            "La Paz",
            "Las Heras",
            "Lavalle",
            "Lujan",
            "Lujan De Cuyo",
            "Maipu",
            "Malargue",
            "Rivadavia",
            "San Carlos",
            "San Martin",
            "San Rafael",
            "Sta. Rosa",
            "Tunuyan",
            "Tupungato",
            "Villa Nueva"
        ]
    },
    {
        "iso_31662": "AR-N",
        "provincia": "Misiones",
        "capital": "Posadas",
        "localidad": [
            "Alba Posse",
            "Almafuerte",
            "Apostoles",
            "Aristobulo Del Valle",
            "Arroyo Del Medio",
            "Azara",
            "Bdo. De Irigoyen",
            "Bonpland",
            "Caa Yari",
            "Campo Grande",
            "Campo Ramon",
            "Campo Viera",
            "Candelaria",
            "Capiovi",
            "Caraguatay",
            "Cdte. Guacurari",
            "Cerro Azul",
            "Cerro Cora",
            "Col. Alberdi",
            "Col. Aurora",
            "Col. Delicia",
            "Col. Polana",
            "Col. Victoria",
            "Col. Wanda",
            "Concepcion De La Sierra",
            "Corpus",
            "Dos Arroyos",
            "Dos de Mayo",
            "El Alcazar",
            "El Dorado",
            "El Soberbio",
            "Esperanza",
            "F. Ameghino",
            "Fachinal",
            "Garuhape",
            "Garupa",
            "Gdor. Lopez",
            "Gdor. Roca",
            "Gral. Alvear",
            "Gral. Urquiza",
            "Guarani",
            "H. Yrigoyen",
            "Iguazu",
            "Itacaruare",
            "Jardin America",
            "Leandro N. Alem",
            "Libertad",
            "Loreto",
            "Los Helechos",
            "Martires",
            "Misiones",
            "Mojon Grande",
            "Montecarlo",
            "Nueve de Julio",
            "Obera",
            "Olegario V. Andrade",
            "Panambi",
            "Posadas",
            "Profundidad",
            "Pto. Iguazu",
            "Pto. Leoni",
            "Pto. Piray",
            "Pto. Rico",
            "Ruiz de Montoya",
            "San Antonio",
            "San Ignacio",
            "San Javier",
            "San Jose",
            "San Martin",
            "San Pedro",
            "San Vicente",
            "Santiago De Liniers",
            "Santo Pipo",
            "Sta. Ana",
            "Sta. Maria",
            "Tres Capones",
            "Veinticinco de Mayo"
        ]
    },
    {
        "iso_31662": "AR-P",
        "provincia": "Formosa",
        "capital": "Formosa",
        "localidad": [
            "Buena Vista",
            "Clorinda",
            "Col. Pastoril",
            "Cte. Fontana",
            "El Colorado",
            "El Espinillo",
            "Estanislao Del Campo",
            "Formosa",
            "Fortin Lugones",
            "Gral. Lucio V. Mansilla",
            "Gral. Manuel Belgrano",
            "Gral. Mosconi",
            "Gran Guardia",
            "Herradura",
            "Ibarreta",
            "Ing. Juarez",
            "Laguna Blanca",
            "Laguna Naick Neck",
            "Laguna Yema",
            "Las Lomitas",
            "Los Chiriguanos",
            "Mayor V. Villafanie",
            "Mision San Fco.",
            "Palo Santo",
            "Pirane",
            "Pozo del Maza",
            "Riacho He-He",
            "San Hilario",
            "San Martin II",
            "Siete Palmas",
            "Subteniente Perin",
            "Tres Lagunas",
            "Villa Dos Trece",
            "Villa Escolar",
            "Villa Gral. Guemes"
        ]
    },
    {
        "iso_31662": "AR-Q",
        "provincia": "Neuquén",
        "capital": "Neuquén",
        "localidad": [
            "Aguada San Roque",
            "Alumine",
            "Andacollo",
            "Anielo",
            "Bajada del Agrio",
            "Barrancas",
            "Buta Ranquil",
            "Capital",
            "Caviahue",
            "Centenario",
            "Chorriaca",
            "Chos Malal",
            "Cipolletti",
            "Covunco Abajo",
            "Coyuco Cochico",
            "Cutral Co",
            "El Cholar",
            "El Huecu",
            "El Sauce",
            "Guaniacos",
            "Huinganco",
            "Las Coloradas",
            "Las Lajas",
            "Las Ovejas",
            "Loncopue",
            "Los Catutos",
            "Los Chihuidos",
            "Los Miches",
            "Manzano Amargo",
            "Neuquen",
            "Octavio Pico",
            "Paso Aguerre",
            "Picun Leufu",
            "Piedra del Aguila",
            "Pilo Lil",
            "Plaza Huincul",
            "Plottier",
            "Quili Malal",
            "Ramon Castro",
            "Rincon de Los Sauces",
            "San Martin de Los Andes",
            "San Patricio del Chaniar",
            "Santo Tomas",
            "Sauzal Bonito",
            "Senillosa",
            "Taquimilan",
            "Tricao Malal",
            "Varvarco",
            "Villa Curi Leuvu",
            "Villa del Nahueve",
            "Villa del Puente Picun Leuvu",
            "Villa El Chocon",
            "Villa La Angostura",
            "Villa Pehuenia",
            "Villa Traful",
            "Vista Alegre",
            "Zapala"
        ]
    },
    {
        "iso_31662": "AR-R",
        "provincia": "Río Negro",
        "capital": "Viedma",
        "localidad": [
            "Aguada Cecilio",
            "Aguada de Guerra",
            "Allen",
            "Arroyo de La Ventana",
            "Arroyo Los Berros",
            "Bariloche",
            "Calte. Cordero",
            "Campo Grande",
            "Catriel",
            "Cerro Policia",
            "Cervantes",
            "Chelforo",
            "Chimpay",
            "Chinchinales",
            "Chipauquil",
            "Choele Choel",
            "Cinco Saltos",
            "Cipolletti",
            "Clemente Onelli",
            "Colan Conhue",
            "Comallo",
            "Comico",
            "Cona Niyeu",
            "Coronel Belisle",
            "Cubanea",
            "Darwin",
            "Dina Huapi",
            "El Bolson",
            "El Cain",
            "El Manso",
            "Gral. Conesa",
            "Gral. Enrique Godoy",
            "Gral. Fernandez Oro",
            "Gral. Roca",
            "Guardia Mitre",
            "Ing. Huergo",
            "Ing. Jacobacci",
            "Laguna Blanca",
            "Lamarque",
            "Las Grutas",
            "Los Menucos",
            "Luis Beltran",
            "Mainque",
            "Mamuel Choique",
            "Maquinchao",
            "Mencue",
            "Mtro. Ramos Mexia",
            "Nahuel Niyeu",
            "Naupa Huen",
            "niorquinco",
            "Ojos de Agua",
            "Paso de Agua",
            "Paso Flores",
            "Penias Blancas",
            "Pichi Mahuida",
            "Pilcaniyeu",
            "Pomona",
            "Prahuaniyeu",
            "Rincon Treneta",
            "Rio Chico",
            "Rio Colorado",
            "Roca",
            "San Antonio Oeste",
            "San Javier",
            "Sierra Colorada",
            "Sierra Grande",
            "Sierra Paileman",
            "Valcheta",
            "Valle Azul",
            "Viedma",
            "Villa Llanquin",
            "Villa Mascardi",
            "Villa Regina",
            "Yaminue"
        ]
    },
    {
        "iso_31662": "AR-S",
        "provincia": "Santa Fe",
        "capital": "Santa Fe",
        "localidad": [
            "Aaron Castellanos",
            "Acebal",
            "Aguara Grande",
            "Albarellos",
            "Alcorta",
            "Aldao",
            "Alejandra",
            "alvarez",
            "Ambrosetti",
            "Amenabar",
            "Angelica",
            "Angeloni",
            "Arequito",
            "Arminda",
            "Armstrong",
            "Arocena",
            "Arroyo Aguiar",
            "Arroyo Ceibal",
            "Arroyo Leyes",
            "Arroyo Seco",
            "Arrufo",
            "Arteaga",
            "Ataliva",
            "Aurelia",
            "Avellaneda",
            "Barrancas",
            "Bauer Y Sigel",
            "Bella Italia",
            "Berabevu",
            "Berna",
            "Bernardo de Irigoyen",
            "Bigand",
            "Bombal",
            "Bouquet",
            "Bustinza",
            "Cabal",
            "Cacique Ariacaiquin",
            "Cafferata",
            "Calchaqui",
            "Campo Andino",
            "Campo Piaggio",
            "Caniada de Gomez",
            "Caniada del Ucle",
            "Caniada Rica",
            "Caniada Rosquin",
            "Candioti",
            "Capital",
            "Capitan Bermudez",
            "Capivara",
            "Carcarania",
            "Carlos Pellegrini",
            "Carmen",
            "Carmen Del Sauce",
            "Carreras",
            "Carrizales",
            "Casalegno",
            "Casas",
            "Casilda",
            "Castelar",
            "Castellanos",
            "Cayasta",
            "Cayastacito",
            "Centeno",
            "Cepeda",
            "Ceres",
            "Chabas",
            "Chaniar Ladeado",
            "Chapuy",
            "Chovet",
            "Christophersen",
            "Classon",
            "Cnel. Arnold",
            "Cnel. Bogado",
            "Cnel. Dominguez",
            "Cnel. Fraga",
            "Col. Aldao",
            "Col. Ana",
            "Col. Belgrano",
            "Col. Bicha",
            "Col. Bigand",
            "Col. Bossi",
            "Col. Cavour",
            "Col. Cello",
            "Col. Dolores",
            "Col. Dos Rosas",
            "Col. Duran",
            "Col. Iturraspe",
            "Col. Margarita",
            "Col. Mascias",
            "Col. Raquel",
            "Col. Rosa",
            "Col. San Jose",
            "Constanza",
            "Coronda",
            "Correa",
            "Crispi",
            "Cululu",
            "Curupayti",
            "Desvio Arijon",
            "Diaz",
            "Diego de Alvear",
            "Egusquiza",
            "El Araza",
            "El Rabon",
            "El Sombrerito",
            "El Trebol",
            "Elisa",
            "Elortondo",
            "Emilia",
            "Empalme San Carlos",
            "Empalme Villa Constitucion",
            "Esmeralda",
            "Esperanza",
            "Estacion Alvear",
            "Estacion Clucellas",
            "Esteban Rams",
            "Esther",
            "Esustolia",
            "Eusebia",
            "Felicia",
            "Fidela",
            "Fighiera",
            "Firmat",
            "Florencia",
            "Fortin Olmos",
            "Franck",
            "Fray Luis Beltran",
            "Frontera",
            "Fuentes",
            "Funes",
            "Gaboto",
            "Galisteo",
            "Galvez",
            "Garabalto",
            "Garibaldi",
            "Gato Colorado",
            "Gdor. Crespo",
            "Gessler",
            "Godoy",
            "Golondrina",
            "Gral. Gelly",
            "Gral. Lagos",
            "Granadero Baigorria",
            "Gregoria Perez De Denis",
            "Grutly",
            "Guadalupe N.",
            "G?deken",
            "Helvecia",
            "Hersilia",
            "Hipatia",
            "Huanqueros",
            "Hugentobler",
            "Hughes",
            "Humberto 1",
            "Humboldt",
            "Ibarlucea",
            "Ing. Chanourdie",
            "Intiyaco",
            "Ituzaingo",
            "Jacinto L. Arauz",
            "Josefina",
            "Juan B. Molina",
            "Juan de Garay",
            "Juncal",
            "La Brava",
            "La Cabral",
            "La Camila",
            "La Chispa",
            "La Clara",
            "La Criolla",
            "La Gallareta",
            "La Lucila",
            "La Pelada",
            "La Penca",
            "La Rubia",
            "La Sarita",
            "La Vanguardia",
            "Labordeboy",
            "Laguna Paiva",
            "Landeta",
            "Lanteri",
            "Larrechea",
            "Las Avispas",
            "Las Bandurrias",
            "Las Garzas",
            "Las Palmeras",
            "Las Parejas",
            "Las Petacas",
            "Las Rosas",
            "Las Toscas",
            "Las Tunas",
            "Lazzarino",
            "Lehmann",
            "Llambi Campbell",
            "Logronio",
            "Loma Alta",
            "Lopez",
            "Los Amores",
            "Los Cardos",
            "Los Laureles",
            "Los Molinos",
            "Los Quirquinchos",
            "Lucio V. Lopez",
            "Luis Palacios",
            "Ma. Juana",
            "Ma. Luisa",
            "Ma. Susana",
            "Ma. Teresa",
            "Maciel",
            "Maggiolo",
            "Malabrigo",
            "Marcelino Escalada",
            "Margarita",
            "Matilde",
            "Maua",
            "Maximo Paz",
            "Melincue",
            "Miguel Torres",
            "Moises Ville",
            "Monigotes",
            "Monje",
            "Monte Obscuridad",
            "Monte Vera",
            "Montefiore",
            "Montes de Oca",
            "Murphy",
            "nianducita",
            "Nare",
            "Nelson",
            "Nicanor E. Molinas",
            "Nuevo Torino",
            "Oliveros",
            "Palacios",
            "Pavon",
            "Pavon Arriba",
            "Pedro Gomez Cello",
            "Perez",
            "Peyrano",
            "Piamonte",
            "Pilar",
            "Piniero",
            "Plaza Clucellas",
            "Portugalete",
            "Pozo Borrado",
            "Progreso",
            "Providencia",
            "Pte. Roca",
            "Pueblo Andino",
            "Pueblo Esther",
            "Pueblo Gral. San Martin",
            "Pueblo Irigoyen",
            "Pueblo Marini",
            "Pueblo Munioz",
            "Pueblo Uranga",
            "Pujato",
            "Pujato N.",
            "Rafaela",
            "Ramayon",
            "Ramona",
            "Reconquista",
            "Recreo",
            "Ricardone",
            "Rivadavia",
            "Roldan",
            "Romang",
            "Rosario",
            "Rueda",
            "Rufino",
            "Sa Pereira",
            "Saguier",
            "Saladero M. Cabal",
            "Salto Grande",
            "San Agustin",
            "San Antonio de Obligado",
            "San Bernardo N.J.",
            "San Bernardo S.J.",
            "San Carlos Centro",
            "San Carlos N.",
            "San Carlos S.",
            "San Cristobal",
            "San Eduardo",
            "San Eugenio",
            "San Fabian",
            "San Fco. de Santa Fe",
            "San Genaro",
            "San Genaro N.",
            "San Gregorio",
            "San Guillermo",
            "San Javier",
            "San Jeronimo del Sauce",
            "San Jeronimo N.",
            "San Jeronimo S.",
            "San Jorge",
            "San Jose de La Esquina",
            "San Jose del Rincon",
            "San Justo",
            "San Lorenzo",
            "San Mariano",
            "San Martin de Las Escobas",
            "San Martin N.",
            "San Vicente",
            "Sancti Spititu",
            "Sanford",
            "Santo Domingo",
            "Santo Tome",
            "Santurce",
            "Sargento Cabral",
            "Sarmiento",
            "Sastre",
            "Sauce Viejo",
            "Serodino",
            "Silva",
            "Soldini",
            "Soledad",
            "Soutomayor",
            "Sta. Clara de Buena Vista",
            "Sta. Clara de Saguier",
            "Sta. Isabel",
            "Sta. Margarita",
            "Sta. Maria Centro",
            "Sta. Maria N.",
            "Sta. Rosa",
            "Sta. Teresa",
            "Suardi",
            "Sunchales",
            "Susana",
            "Tacuarendi",
            "Tacural",
            "Tartagal",
            "Teodelina",
            "Theobald",
            "Timbues",
            "Toba",
            "Tortugas",
            "Tostado",
            "Totoras",
            "Traill",
            "Venado Tuerto",
            "Vera",
            "Vera y Pintado",
            "Videla",
            "Vila",
            "Villa Amelia",
            "Villa Ana",
            "Villa Canias",
            "Villa Constitucion",
            "Villa Eloisa",
            "Villa Gdor. Galvez",
            "Villa Guillermina",
            "Villa Minetti",
            "Villa Mugueta",
            "Villa Ocampo",
            "Villa San Jose",
            "Villa Saralegui",
            "Villa Trinidad",
            "Villada",
            "Virginia",
            "Wheelwright",
            "Zavalla"
        ]
    },
    {
        "iso_31662": "AR-T",
        "provincia": "Tucumán",
        "capital": "San Miguel de Tucumán",
        "localidad": [
            "Acheral",
            "Agua Dulce",
            "Aguilares",
            "Alderetes",
            "Alpachiri",
            "Alto Verde",
            "Amaicha del Valle",
            "Amberes",
            "Ancajuli",
            "Arcadia",
            "Atahona",
            "Banda del Rio Sali",
            "Bella Vista",
            "Buena Vista",
            "Burruyacu",
            "Capitan Caceres",
            "Cevil Redondo",
            "Choromoro",
            "Ciudacita",
            "Colalao del Valle",
            "Colombres",
            "Concepcion",
            "Delfin Gallo",
            "El Bracho",
            "El Cadillal",
            "El Cercado",
            "El Chaniar",
            "El Manantial",
            "El Mojon",
            "El Mollar",
            "El Naranjito",
            "El Naranjo",
            "El Polear",
            "El Puestito",
            "El Sacrificio",
            "El Timbo",
            "Escaba",
            "Esquina",
            "Estacion Araoz",
            "Famailla",
            "Gastone",
            "Gdor. Garmendia",
            "Gdor. Piedrabuena",
            "Graneros",
            "Huasa Pampa",
            "J. B. Alberdi",
            "La Cocha",
            "La Esperanza",
            "La Florida",
            "La Ramada",
            "La Trinidad",
            "Lamadrid",
            "Las Cejas",
            "Las Talas",
            "Las Talitas",
            "Los Bulacio",
            "Los Gomez",
            "Los Nogales",
            "Los Pereyra",
            "Los Perez",
            "Los Puestos",
            "Los Ralos",
            "Los Sarmientos",
            "Los Sosa",
            "Lules",
            "M. Garcia Fernandez",
            "Manuela Pedraza",
            "Medinas",
            "Monte Bello",
            "Monteagudo",
            "Monteros",
            "Padre Monti",
            "Pampa Mayo",
            "Quilmes",
            "Raco",
            "Ranchillos",
            "Rio Chico",
            "Rio Colorado",
            "Rio Seco",
            "Rumi Punco",
            "San Andres",
            "San Felipe",
            "San Ignacio",
            "San Javier",
            "San Jose",
            "San Miguel de Tucuman",
            "San Pedro",
            "San Pedro de Colalao",
            "Santa Rosa de Leales",
            "Sgto. Moya",
            "Siete de Abril",
            "Simoca",
            "Soldado Maldonado",
            "Sta. Ana",
            "Sta. Cruz",
            "Sta. Lucia",
            "Taco Ralo",
            "Tafi del Valle",
            "Tafi Viejo",
            "Tapia",
            "Teniente Berdina",
            "Trancas",
            "Villa Belgrano",
            "Villa Benjamin Araoz",
            "Villa Chiligasta",
            "Villa de Leales",
            "Villa Quinteros",
            "Yanima",
            "Yerba Buena",
            "Yerba Buena S"
        ]
    },
    {
        "iso_31662": "AR-U",
        "provincia": "Chubut",
        "capital": "Rawson",
        "localidad": [
            "Aldea Apeleg",
            "Aldea Beleiro",
            "Aldea Epulef",
            "Alto Rio Sengerr",
            "Buen Pasto",
            "Camarones",
            "Carrenleufu",
            "Cholila",
            "Co. Centinela",
            "Colan Conhue",
            "Comodoro Rivadavia",
            "Corcovado",
            "Cushamen",
            "Dique F. Ameghino",
            "Dolavon",
            "Dr. R. Rojas",
            "El Hoyo",
            "El Maiten",
            "Epuyen",
            "Esquel",
            "Facundo",
            "Gaiman",
            "Gan Gan",
            "Gastre",
            "Gdor. Costa",
            "Gualjaina",
            "J. de San Martin",
            "Lago Blanco",
            "Lago Puelo",
            "Lagunita Salada",
            "Las Plumas",
            "Los Altares",
            "Paso de los Indios",
            "Paso del Sapo",
            "Pto. Madryn",
            "Pto. Piramides",
            "Rada Tilly",
            "Rawson",
            "Rio Mayo",
            "Rio Pico",
            "Sarmiento",
            "Tecka",
            "Telsen",
            "Trelew",
            "Trevelin",
            "Veintiocho de Julio"
        ]
    },
    {
        "iso_31662": "AR-V",
        "provincia": "Tierra del Fuego, Antártida e Islas del Atlántico Sur",
        "capital": "Ushuaia",
        "localidad": [
            "Rio Grande",
            "Tolhuin",
            "Ushuaia"
        ]
    },
    {
        "iso_31662": "AR-W",
        "provincia": "Corrientes",
        "capital": "Corrientes",
        "localidad": [
            "Alvear",
            "Bella Vista",
            "Beron de Astrada",
            "Bonpland",
            "Caa Cati",
            "Capital",
            "Chavarria",
            "Col. C. Pellegrini",
            "Col. Libertad",
            "Col. Liebig",
            "Col. Sta Rosa",
            "Concepcion",
            "Cruz de Los Milagros",
            "Curuzu-Cuatia",
            "Empedrado",
            "Esquina",
            "Estacion Torrent",
            "Felipe Yofre",
            "Garruchos",
            "Gdor. Agronomo",
            "Gdor. Martinez",
            "Goya",
            "Guaviravi",
            "Herlitzka",
            "Ita-Ibate",
            "Itati",
            "Ituzaingo",
            "Jose Rafael Gomez",
            "Juan Pujol",
            "La Cruz",
            "Lavalle",
            "Lomas de Vallejos",
            "Loreto",
            "Mariano I. Loza",
            "Mburucuya",
            "Mercedes",
            "Mocoreta",
            "Mte. Caseros",
            "Nueve de Julio",
            "Palmar Grande",
            "Parada Pucheta",
            "Paso de La Patria",
            "Paso de Los Libres",
            "Pedro R. Fernandez",
            "Perugorria",
            "Pueblo Libertador",
            "Ramada Paso",
            "Riachuelo",
            "Saladas",
            "San Antonio",
            "San Carlos",
            "San Cosme",
            "San Lorenzo",
            "San Luis del Palmar",
            "San Miguel",
            "San Roque",
            "Santa Ana",
            "Santa Lucia",
            "Santo Tome",
            "Sauce",
            "Tabay",
            "Tapebicua",
            "Tatacua",
            "Virasoro",
            "Yapeyu",
            "Yataiti Calle"
        ]
    },
    {
        "iso_31662": "AR-X",
        "provincia": "Córdoba",
        "capital": "Córdoba",
        "localidad": [
            "Achiras",
            "Adelia Maria",
            "Agua de Oro",
            "Alcira Gigena",
            "Aldea Santa Maria",
            "Alejandro Roca",
            "Alejo Ledesma",
            "Alicia",
            "Almafuerte",
            "Alpa Corral",
            "Alta Gracia",
            "Alto Alegre",
            "Alto de Los Quebrachos",
            "Altos de Chipion",
            "Amboy",
            "Ambul",
            "Ana Zumaran",
            "Anisacate",
            "Arguello",
            "Arias",
            "Arroyito",
            "Arroyo Algodon",
            "Arroyo Cabral",
            "Arroyo Los Patos",
            "Assunta",
            "Atahona",
            "Ausonia",
            "Avellaneda",
            "Ballesteros",
            "Ballesteros Sud",
            "Balnearia",
            "Baniado de Soto",
            "Bell Ville",
            "Bengolea",
            "Benjamin Gould",
            "Berrotaran",
            "Bialet Masse",
            "Bouwer",
            "Brinkmann",
            "Buchardo",
            "Bulnes",
            "Cabalango",
            "Calamuchita",
            "Calchin",
            "Calchin Oeste",
            "Calmayo",
            "Camilo Aldao",
            "Caminiaga",
            "Caniada de Luque",
            "Caniada de Machado",
            "Caniada de Rio Pinto",
            "Caniada del Sauce",
            "Canals",
            "Candelaria Sud",
            "Capilla de Remedios",
            "Capilla de Siton",
            "Capilla del Carmen",
            "Capilla del Monte",
            "Capital",
            "Capitan Gral B. O?Higgins",
            "Carnerillo",
            "Carrilobo",
            "Casa Grande",
            "Cavanagh",
            "Cerro Colorado",
            "Chajan",
            "Chalacea",
            "Chaniar Viejo",
            "Chancani",
            "Charbonier",
            "Charras",
            "Chazon",
            "Chilibroste",
            "Chucul",
            "Chunia",
            "Chunia Huasi",
            "Churqui Caniada",
            "Cienaga Del Coro",
            "Cintra",
            "Col. Almada",
            "Col. Anita",
            "Col. Barge",
            "Col. Bismark",
            "Col. Bremen",
            "Col. Caroya",
            "Col. Italiana",
            "Col. Iturraspe",
            "Col. Las Cuatro Esquinas",
            "Col. Las Pichanas",
            "Col. Marina",
            "Col. Prosperidad",
            "Col. San Bartolome",
            "Col. San Pedro",
            "Col. Tirolesa",
            "Col. Vicente Aguero",
            "Col. Videla",
            "Col. Vignaud",
            "Col. Waltelina",
            "Colazo",
            "Comechingones",
            "Conlara",
            "Copacabana",
            "Cordoba",
            "Coronel Baigorria",
            "Coronel Moldes",
            "Corral de Bustos",
            "Corralito",
            "Cosquin",
            "Costa Sacate",
            "Cruz Alta",
            "Cruz de Cania",
            "Cruz del Eje",
            "Cuesta Blanca",
            "Dean Funes",
            "Del Campillo",
            "Despeniaderos",
            "Devoto",
            "Diego de Rojas",
            "Dique Chico",
            "El Araniado",
            "El Brete",
            "El Chacho",
            "El Crispin",
            "El Fortin",
            "El Manzano",
            "El Rastreador",
            "El Rodeo",
            "El Tio",
            "Elena",
            "Embalse",
            "Esquina",
            "Estacion Gral. Paz",
            "Estacion Juarez Celman",
            "Estancia de Guadalupe",
            "Estancia Vieja",
            "Etruria",
            "Eufrasio Loza",
            "Falda del Carmen",
            "Freyre",
            "Gral. Baldissera",
            "Gral. Cabrera",
            "Gral. Deheza",
            "Gral. Fotheringham",
            "Gral. Levalle",
            "Gral. Roca",
            "Guanaco Muerto",
            "Guasapampa",
            "Guatimozin",
            "Gutenberg",
            "Hernando",
            "Huanchillas",
            "Huerta Grande",
            "Huinca Renanco",
            "Idiazabal",
            "Impira",
            "Inriville",
            "Isla Verde",
            "Italo",
            "James Craik",
            "Jesus Maria",
            "Jovita",
            "Justiniano Posse",
            "Km 658",
            "L. V. Mansilla",
            "La Batea",
            "La Calera",
            "La Carlota",
            "La Carolina",
            "La Cautiva",
            "La Cesira",
            "La Cruz",
            "La Cumbre",
            "La Cumbrecita",
            "La Falda",
            "La Francia",
            "La Granja",
            "La Higuera",
            "La Laguna",
            "La Paisanita",
            "La Palestina",
            "La Pampa",
            "La Paquita",
            "La Para",
            "La Paz",
            "La Playa",
            "La Playosa",
            "La Poblacion",
            "La Posta",
            "La Puerta",
            "La Quinta",
            "La Rancherita",
            "La Rinconada",
            "La Serranita",
            "La Tordilla",
            "Laborde",
            "Laboulaye",
            "Laguna Larga",
            "Las Acequias",
            "Las Albahacas",
            "Las Arrias",
            "Las Bajadas",
            "Las Caleras",
            "Las Calles",
            "Las Caniadas",
            "Las Gramillas",
            "Las Higueras",
            "Las Isletillas",
            "Las Junturas",
            "Las Palmas",
            "Las Penias",
            "Las Penias Sud",
            "Las Perdices",
            "Las Playas",
            "Las Rabonas",
            "Las Saladas",
            "Las Tapias",
            "Las Varas",
            "Las Varillas",
            "Las Vertientes",
            "Leguizamon",
            "Leones",
            "Los Cedros",
            "Los Cerrillos",
            "Los Chaniaritos C.E",
            "Los Chanaritos R.S",
            "Los Cisnes",
            "Los Cocos",
            "Los Condores",
            "Los Hornillos",
            "Los Hoyos",
            "Los Mistoles",
            "Los Molinos",
            "Los Pozos",
            "Los Reartes",
            "Los Surgentes",
            "Los Talares",
            "Los Zorros",
            "Lozada",
            "Luca",
            "Luque",
            "Luyaba",
            "Malaguenio",
            "Malena",
            "Malvinas Argentinas",
            "Manfredi",
            "Maquinista Gallini",
            "Marcos Juarez",
            "Marull",
            "Matorrales",
            "Mattaldi",
            "Mayu Sumaj",
            "Media Naranja",
            "Melo",
            "Mendiolaza",
            "Mi Granja",
            "Mina Clavero",
            "Miramar",
            "Morrison",
            "Morteros",
            "Mte. Buey",
            "Mte. Cristo",
            "Mte. De Los Gauchos",
            "Mte. Lenia",
            "Mte. Maiz",
            "Mte. Ralo",
            "Nicolas Bruzone",
            "Noetinger",
            "Nono",
            "Nueva Cordoba",
            "Obispo Trejo",
            "Olaeta",
            "Oliva",
            "Olivares San Nicolas",
            "Onagolty",
            "Oncativo",
            "Ordoniez",
            "Pacheco De Melo",
            "Pampayasta N.",
            "Pampayasta S.",
            "Panaholma",
            "Pascanas",
            "Pasco",
            "Paso del Durazno",
            "Paso Viejo",
            "Pilar",
            "Pincen",
            "Piquillin",
            "Plaza de Mercedes",
            "Plaza Luxardo",
            "Portenia",
            "Potrero de Garay",
            "Pozo del Molle",
            "Pozo Nuevo",
            "Pueblo Italiano",
            "Puesto de Castro",
            "Punta del Agua",
            "Quebracho Herrado",
            "Quilino",
            "Rafael Garcia",
            "Ranqueles",
            "Rayo Cortado",
            "Reduccion",
            "Rincon",
            "Rio Bamba",
            "Rio Ceballos",
            "Rio Cuarto",
            "Rio de Los Sauces",
            "Rio Primero",
            "Rio Segundo",
            "Rio Tercero",
            "Rosales",
            "Rosario del Saladillo",
            "Sacanta",
            "Sagrada Familia",
            "Saira",
            "Saladillo",
            "Saldan",
            "Salsacate",
            "Salsipuedes",
            "Sampacho",
            "San Agustin",
            "San Antonio de Arredondo",
            "San Antonio de Litin",
            "San Basilio",
            "San Carlos Minas",
            "San Clemente",
            "San Esteban",
            "San Francisco",
            "San Ignacio",
            "San Javier",
            "San Jeronimo",
            "San Joaquin",
            "San Jose de La Dormida",
            "San Jose de Las Salinas",
            "San Lorenzo",
            "San Marcos Sierras",
            "San Marcos Sud",
            "San Pedro",
            "San Pedro N.",
            "San Roque",
            "San Vicente",
            "Santa Catalina",
            "Santa Elena",
            "Santa Eufemia",
            "Santa Maria",
            "Sarmiento",
            "Saturnino M.Laspiur",
            "Sauce Arriba",
            "Sebastian Elcano",
            "Seeber",
            "Segunda Usina",
            "Serrano",
            "Serrezuela",
            "Sgo. Temple",
            "Silvio Pellico",
            "Simbolar",
            "Sinsacate",
            "Sta. Rosa de Calamuchita",
            "Sta. Rosa de Rio Primero",
            "Suco",
            "Tala Caniada",
            "Tala Huasi",
            "Talaini",
            "Tancacha",
            "Tanti",
            "Ticino",
            "Tinoco",
            "Tio Pujio",
            "Toledo",
            "Toro Pujio",
            "Tosno",
            "Tosquita",
            "Transito",
            "Tuclame",
            "Tutti",
            "Ucacha",
            "Unquillo",
            "Valle de Anisacate",
            "Valle Hermoso",
            "Velez Sarfield",
            "Viamonte",
            "Vicunia Mackenna",
            "Villa Allende",
            "Villa Amancay",
            "Villa Ascasubi",
            "Villa Candelaria N.",
            "Villa Carlos Paz",
            "Villa Cerro Azul",
            "Villa Ciudad de America",
            "Villa Ciudad Pque Los Reartes",
            "Villa Concepcion del Tio",
            "Villa Cura Brochero",
            "Villa de Las Rosas",
            "Villa de Maria",
            "Villa de Pocho",
            "Villa de Soto",
            "Villa del Dique",
            "Villa del Prado",
            "Villa del Rosario",
            "Villa del Totoral",
            "Villa Dolores",
            "Villa El Chancay",
            "Villa Elisa",
            "Villa Flor Serrana",
            "Villa Fontana",
            "Villa Giardino",
            "Villa Gral. Belgrano",
            "Villa Gutierrez",
            "Villa Huidobro",
            "Villa La Bolsa",
            "Villa Los Aromos",
            "Villa Los Patos",
            "Villa Maria",
            "Villa Nueva",
            "Villa Pque. Santa Ana",
            "Villa Pque. Siquiman",
            "Villa Quillinzo",
            "Villa Rossi",
            "Villa Rumipal",
            "Villa San Esteban",
            "Villa San Isidro",
            "Villa Santa Cruz",
            "Villa Sarmiento G.R",
            "Villa Sarmiento S.A",
            "Villa Tulumba",
            "Villa Valeria",
            "Villa Yacanto",
            "Washington",
            "Wenceslao Escalante",
            "Ycho Cruz Sierras"
        ]
    },
    {
        "iso_31662": "AR-Y",
        "provincia": "Jujuy",
        "capital": "San Salvador de Jujuy",
        "localidad": [
            "Abdon Castro Tolay",
            "Abra Pampa",
            "Abralaite",
            "Aguas Calientes",
            "Arrayanal",
            "Barrios",
            "Caimancito",
            "Calilegua",
            "Cangrejillos",
            "Caspala",
            "Catua",
            "Cieneguillas",
            "Coranzulli",
            "Cusi-Cusi",
            "El Aguilar",
            "El Carmen",
            "El Condor",
            "El Fuerte",
            "El Piquete",
            "El Talar",
            "Fraile Pintado",
            "Hipolito Yrigoyen",
            "Huacalera",
            "Humahuaca",
            "La Esperanza",
            "La Mendieta",
            "La Quiaca",
            "Ledesma",
            "Libertador Gral. San Martin",
            "Maimara",
            "Mina Pirquitas",
            "Monterrico",
            "Palma Sola",
            "Palpala",
            "Pampa Blanca",
            "Pampichuela",
            "Perico",
            "Puesto del Marques",
            "Puesto Viejo",
            "Pumahuasi",
            "Purmamarca",
            "Rinconada",
            "Rodeitos",
            "Rosario de Rio Grande",
            "San Antonio",
            "San Francisco",
            "San Pedro",
            "San Rafael",
            "San Salvador",
            "Santa Ana",
            "Santa Catalina",
            "Santa Clara",
            "Susques",
            "Tilcara",
            "Tres Cruces",
            "Tumbaya",
            "Valle Grande",
            "Vinalito",
            "Volcan",
            "Yala",
            "Yavi",
            "Yuto"
        ]
    },
    {
        "iso_31662": "AR-Z",
        "provincia": "Santa Cruz",
        "capital": "Rio Gallegos",
        "localidad": [
            "Calafate",
            "Caleta Olivia",
            "Caniadon Seco",
            "Comandante Piedrabuena",
            "El Calafate",
            "El Chalten",
            "Gdor. Gregores",
            "Hipolito Yrigoyen",
            "Jaramillo",
            "Koluel Kaike",
            "Las Heras",
            "Los Antiguos",
            "Perito Moreno",
            "Pico Truncado",
            "Pto. Deseado",
            "Pto. San Julian",
            "Pto. Santa Cruz",
            "Rio Cuarto",
            "Rio Gallegos",
            "Rio Turbio",
            "Tres Lagos",
            "Veintiocho De Noviembre"
        ]
    },
    {
        "iso_31662": "AR-C",
        "provincia": "Capital Federal",
        "capital": "",
        "localidad": [
            "Agronomia",
            "Almagro",
            "Balvanera",
            "Barracas",
            "Belgrano",
            "Boca",
            "Boedo",
            "Caballito",
            "Chacarita",
            "Coghlan",
            "Colegiales",
            "Constitucion",
            "Flores",
            "Floresta",
            "La Paternal",
            "Liniers",
            "Mataderos",
            "Monserrat",
            "Monte Castro",
            "Nueva Pompeya",
            "Nuniez",
            "Palermo",
            "Parque Avellaneda",
            "Parque Chacabuco",
            "Parque Chas",
            "Parque Patricios",
            "Puerto Madero",
            "Recoleta",
            "Retiro",
            "Saavedra",
            "San Cristobal",
            "San Nicolas",
            "San Telmo",
            "Velez Sarsfield",
            "Versalles",
            "Villa Crespo",
            "Villa del Parque",
            "Villa Devoto",
            "Villa Gral. Mitre",
            "Villa Lugano",
            "Villa Luro",
            "Villa Ortuzar",
            "Villa Pueyrredon",
            "Villa Real",
            "Villa Riachuelo",
            "Villa Santa Rita",
            "Villa Soldati",
            "Villa Urquiza"
        ]
    }
]